path,url,lang,title,wp_id,last_modified,live_now,action,target,status,reason,note
/about-us/,https://blog.virtuse.com/about-us/,en,About Us,7,2026-03-10,"200 index, follow, max-image-preview:large, max-snippet:-1, max-video-preview:-1",301,https://virtuse.com/about.html,ready,O nás → nová stránka O nás,
/account/,https://blog.virtuse.com/account/,en,Account,4977,2020-11-18,"200 index, follow, max-image-preview:large, max-snippet:-1, max-video-preview:-1",410,,ready,"technická stránka starej aplikácie (prihlásenie, účet, výbery)",
/accounts/,https://blog.virtuse.com/accounts/,en,Account types,11,2021-01-05,"200 index, follow, max-image-preview:large, max-snippet:-1, max-video-preview:-1",410,,ready,"typy účtov burzy (limity, obchodovanie komodít)",
/affiliate-program-details/,https://blog.virtuse.com/affiliate-program-details/,en,Affiliate Program Details,4017,2020-05-28,"200 index, follow, max-image-preview:large, max-snippet:-1, max-video-preview:-1",410,,ras,"affiliate program burzy (provízie z obchodovania); burza nefunguje, Ras potvrdí, že program nebeží","zatiaľ nechať, rozhodne Ras (2026-10-07)"
/affiliates/,https://blog.virtuse.com/affiliates/,en,Affiliate Program Terms of Service,3998,2020-05-28,"200 index, follow, max-image-preview:large, max-snippet:-1, max-video-preview:-1",410,,ras,podmienky affiliate programu burzy z 2020; Ras potvrdí,"zatiaľ nechať, rozhodne Ras (2026-10-07)"
/an-exchange-like-no-other/,https://blog.virtuse.com/an-exchange-like-no-other/,en,Invest with confidence,1764,2021-02-04,"200 index, follow, max-image-preview:large, max-snippet:-1, max-video-preview:-1",410,,ready,"stará burza Virtuse Exchange (obchodovanie, účty, aplikácia); dnes nie sme burza",
/blog/,https://blog.virtuse.com/blog/,en,Ras’s Articles,9,2026-05-25,"200 index, follow, max-image-preview:large, max-snippet:-1, max-video-preview:-1",keep,,ready,"zoznam článkov Rasa na blogu, používa sa",
/career/,https://blog.virtuse.com/career/,en,Join our team,1574,2021-12-17,"200 index, follow, max-image-preview:large, max-snippet:-1, max-video-preview:-1",410,,ready,"nábor 2021: blockchain, Ethereum, iné kryptomeny",
/coffee/,https://blog.virtuse.com/coffee/,en,Crypto / Coffee,2201,2021-06-09,"200 index, follow, max-image-preview:large, max-snippet:-1, max-video-preview:-1",410,,ready,"obchodovanie s komoditou/tokenom; v rozpore s „Iba Bitcoin, žiadne tokeny“",
/commodities/,https://blog.virtuse.com/commodities/,en,Crypto/Commodity Exchange,2104,2020-03-13,"200 index, follow, max-image-preview:large, max-snippet:-1, max-video-preview:-1",410,,ready,"obchodovanie s komoditou/tokenom; v rozpore s „Iba Bitcoin, žiadne tokeny“",
/compound-interest-calculator/,https://blog.virtuse.com/compound-interest-calculator/,en,Compound Interrest Calculator,6437,2021-06-07,"200 index, follow, max-image-preview:large, max-snippet:-1, max-video-preview:-1",301,https://virtuse.com/stacking.html,ready,kalkulačka pravidelného nákupu (DCA) → Stacking Strategist,
/contact/,https://blog.virtuse.com/contact/,en,Contact,4323,2021-11-03,"200 index, follow, max-image-preview:large, max-snippet:-1, max-video-preview:-1",keep,,ready,živý kontaktný formulár (Contact Form 7) s adresami kancelárií; Ras: chodia z neho správy? ak nie → about.html,"zatiaľ nechať (Nick 2026-10-07): jediný kontakt pre bývalých klientov burzy, správy idú na office@virtuse.com; zrušiť, keď bude kontakt na novom webe"
/cryptocurrency-exchange-development/,https://blog.virtuse.com/cryptocurrency-exchange-development/,en,Cryptocurrency Exchange Development,2529,2019-12-10,"200 index, follow, max-image-preview:large, max-snippet:-1, max-video-preview:-1",410,,ready,služba vývoja krypto búrz,
/dashboard/,https://blog.virtuse.com/dashboard/,en,Dashboard,14915,2026-05-12,"200 index, follow, max-image-preview:large, max-snippet:-1, max-video-preview:-1",301,https://virtuse.com/bitcoin-data.html,ready,"živý Bitcoin dashboard (blok, poplatky, hashrate), upr. 2026-05; nie stará aplikácia → Bitcoin dáta",
/digital-wealth-management/,https://blog.virtuse.com/digital-wealth-management/,en,Wealth Management,1674,2020-11-04,"200 index, follow, max-image-preview:large, max-snippet:-1, max-video-preview:-1",301,https://virtuse.com/index.html,ready,Wealth Management z 2020 → domov,
/e-shop/,https://blog.virtuse.com/e-shop/,en,E-shop,5390,2021-02-05,"200 index, follow, max-image-preview:large, max-snippet:-1, max-video-preview:-1",301,https://virtuse.com/secure.html,ready,"e-shop hardvérových peňaženiek (Ledger, Cryptosteel) → Úschova",
/etfs/,https://blog.virtuse.com/etfs/,en,ETFs,2705,2020-07-22,"200 index, follow, max-image-preview:large, max-snippet:-1, max-video-preview:-1",410,,ready,obchodovanie ETF na burze,
/faq/,https://blog.virtuse.com/faq/,en,Frequently asked questions,1866,2022-10-12,"200 index, follow, max-image-preview:large, max-snippet:-1, max-video-preview:-1",301,https://virtuse.com/faq.html,ready,FAQ → nové FAQ,
/fees/,https://blog.virtuse.com/fees/,en,Fees,1864,2022-10-12,"200 index, follow, max-image-preview:large, max-snippet:-1, max-video-preview:-1",301,https://virtuse.com/bitcoin-fee-index/,ready,"poplatky burzy (0,99 %) → Fee Index",
/glossary/,https://blog.virtuse.com/glossary/,en,A Glossary of Terms,1881,2020-03-26,"200 index, follow, max-image-preview:large, max-snippet:-1, max-video-preview:-1",410,,ready,"slovník pojmov burzy (2FA, obchodovanie); nový web slovník nemá; Ras: nechať alebo 410",rozhodnuté 2026-10-07 (Nick)
/gold/,https://blog.virtuse.com/gold/,en,Gold Exchange,2108,2020-10-23,"200 index, follow, max-image-preview:large, max-snippet:-1, max-video-preview:-1",410,,ready,"obchodovanie s komoditou/tokenom; v rozpore s „Iba Bitcoin, žiadne tokeny“",
/home-2/,https://blog.virtuse.com/home-2/,en,Home,5647,2021-11-25,"200 index, follow, max-image-preview:large, max-snippet:-1, max-video-preview:-1",410,,ready,"stará verzia domovskej stránky (2021, nákup kryptomien)",
/home/,https://blog.virtuse.com/home/,en,Home,5,2026-06-15,"200 index, follow, max-image-preview:large, max-snippet:-1, max-video-preview:-1",keep,,ready,je to titulná stránka blogu (blog.virtuse.com/ ukazuje ten istý obsah: pôžičky + blog); nepresmerovať,
/institutions/,https://blog.virtuse.com/institutions/,en,Institutions,15,2019-10-10,"200 index, follow, max-image-preview:large, max-snippet:-1, max-video-preview:-1",301,https://virtuse.com/treasury.html,ready,inštitucionálne účty → Treasury,
/invite/,https://blog.virtuse.com/invite/,en,Invite,6802,2021-04-30,"200 index, follow, max-image-preview:large, max-snippet:-1, max-video-preview:-1",410,,ras,odporúčací program burzy ($10 v BTC po obchode za $100); Ras potvrdí,"zatiaľ nechať, rozhodne Ras (2026-10-07)"
/login/,https://blog.virtuse.com/login/,en,Login,4978,2020-10-16,"200 index, follow, max-image-preview:large, max-snippet:-1, max-video-preview:-1",410,,ready,"technická stránka starej aplikácie (prihlásenie, účet, výbery)","Redirection 410 je nastavené, ale WordPress pri /login na 404 presmeruje 302 na wp-login.php (noindex); akceptované"
/oil/,https://blog.virtuse.com/oil/,en,Crypto / Crude Oil,2193,2021-06-09,"200 index, follow, max-image-preview:large, max-snippet:-1, max-video-preview:-1",410,,ready,"obchodovanie s komoditou/tokenom; v rozpore s „Iba Bitcoin, žiadne tokeny“",
/platinum/,https://blog.virtuse.com/platinum/,en,Crypto/Platinum Exchange,2217,2020-03-13,"200 index, follow, max-image-preview:large, max-snippet:-1, max-video-preview:-1",410,,ready,"obchodovanie s komoditou/tokenom; v rozpore s „Iba Bitcoin, žiadne tokeny“",
/pozicky/,https://blog.virtuse.com/pozicky/,en,Požiadať o pôžičku,14975,2026-06-16,"200 index, follow, max-image-preview:large, max-snippet:-1, max-video-preview:-1",301,https://virtuse.com/sk/lending.html,ready,"živá žiadosť o pôžičku s widgetom Firefish (upr. 2026-06), odkaz z titulky blogu; sk/lending.html má ten istý widget; Ras potvrdí",rozhodnuté 2026-10-07 (Nick)
/privacy-policy/,https://blog.virtuse.com/privacy-policy/,en,Virtuse Privacy Policy,3,2025-10-09,"200 index, follow, max-image-preview:large, max-snippet:-1, max-video-preview:-1",301,https://virtuse.com/privacy-policy.html,ready,zásady ochrany údajov → nové,
/private-section/,https://blog.virtuse.com/private-section/,en,Private section,5026,2021-06-07,"200 index, follow, max-image-preview:large, max-snippet:-1, max-video-preview:-1",410,,ready,"technická stránka starej aplikácie (prihlásenie, účet, výbery)",
/products/,https://blog.virtuse.com/products/,en,Products,13,2019-09-02,"200 index, follow, max-image-preview:large, max-snippet:-1, max-video-preview:-1",410,,ready,produkty burzy (mobilná aplikácia na obchodovanie),
/referral/,https://blog.virtuse.com/referral/,en,Welcome,6791,2021-04-13,"200 index, follow, max-image-preview:large, max-snippet:-1, max-video-preview:-1",410,,ras,vstupná stránka odporúčacieho programu burzy; Ras potvrdí,"zatiaľ nechať, rozhodne Ras (2026-10-07)"
/registration/,https://blog.virtuse.com/registration/,en,Registration,4979,2020-10-16,"200 index, follow, max-image-preview:large, max-snippet:-1, max-video-preview:-1",410,,ready,"technická stránka starej aplikácie (prihlásenie, účet, výbery)",
/request-a-loan/,https://blog.virtuse.com/request-a-loan/,en,Request a Loan,14974,2026-06-16,"200 index, follow, max-image-preview:large, max-snippet:-1, max-video-preview:-1",301,https://virtuse.com/lending.html,ready,"živá žiadosť o pôžičku s widgetom Firefish (upr. 2026-06), odkaz z titulky blogu; lending.html má ten istý widget; Ras potvrdí",rozhodnuté 2026-10-07 (Nick)
/silver/,https://blog.virtuse.com/silver/,en,Crypto/Silver Exchange,2177,2021-06-09,"200 index, follow, max-image-preview:large, max-snippet:-1, max-video-preview:-1",410,,ready,"obchodovanie s komoditou/tokenom; v rozpore s „Iba Bitcoin, žiadne tokeny“",
/sk/affiliate-program-details/,https://blog.virtuse.com/sk/affiliate-program-details/,sk,Affiliate Program Details,4017,2020-05-28,"200 index, follow, max-image-preview:large, max-snippet:-1, max-video-preview:-1",410,,ras,EN obsah pod /sk/ (canonical na EN); affiliate burzy; Ras potvrdí,"zatiaľ nechať, rozhodne Ras (2026-10-07)"
/sk/affiliates/,https://blog.virtuse.com/sk/affiliates/,sk,Affiliate Program Terms of Service,3998,2020-05-28,"200 index, follow, max-image-preview:large, max-snippet:-1, max-video-preview:-1",410,,ras,EN obsah pod /sk/ (canonical na EN); affiliate burzy; Ras potvrdí,"zatiaľ nechať, rozhodne Ras (2026-10-07)"
/sk/bitcoin-vo-vasom-vrecku/,https://blog.virtuse.com/sk/bitcoin-vo-vasom-vrecku/,sk,Home,2806,2026-05-07,"200 index, follow, max-image-preview:large, max-snippet:-1, max-video-preview:-1",keep,,ready,titulná stránka SK blogu (blog.virtuse.com/sk/); nepresmerovať,
/sk/blog/,https://blog.virtuse.com/sk/blog/,sk,Články R. Vasilišina,2814,2026-05-25,"200 index, follow, max-image-preview:large, max-snippet:-1, max-video-preview:-1",keep,,ready,"zoznam článkov na SK blogu, používa sa",
/sk/burza-ako-ziadna-ina/,https://blog.virtuse.com/sk/burza-ako-ziadna-ina/,sk,Burza ako žiadna iná,2875,2020-10-01,"200 index, follow, max-image-preview:large, max-snippet:-1, max-video-preview:-1",410,,ready,"stará burza Virtuse Exchange (obchodovanie, účty, aplikácia); dnes nie sme burza",
/sk/compound-interest-calculator/,https://blog.virtuse.com/sk/compound-interest-calculator/,sk,"Nemusíte mať milióny na to, aby ste začali investovať",6203,2021-03-31,"200 index, follow, max-image-preview:large, max-snippet:-1, max-video-preview:-1",301,https://virtuse.com/sk/stacking.html,ready,článok o pravidelnom nákupe → Stacking Strategist SK,
/sk/contact/,https://blog.virtuse.com/sk/contact/,sk,Kontakt,6335,2021-03-16,"200 index, follow, max-image-preview:large, max-snippet:-1, max-video-preview:-1",keep,,ready,živý kontaktný formulár; Ras: chodia z neho správy? ak nie → sk/about.html,"zatiaľ nechať (Nick 2026-10-07): jediný kontakt pre bývalých klientov burzy, správy idú na office@virtuse.com; zrušiť, keď bude kontakt na novom webe"
/sk/dakujeme-za-priazen/,https://blog.virtuse.com/sk/dakujeme-za-priazen/,sk,Ďakujeme,5019,2020-10-16,"200 index, follow, max-image-preview:large, max-snippet:-1, max-video-preview:-1",410,,ready,potvrdenie predplatného Premium (2020),
/sk/dakujeme/,https://blog.virtuse.com/sk/dakujeme/,sk,"Ďakujeme, že ste sa prihlásili na odber Virtuse News!",2888,2021-11-16,"200 index, follow, max-image-preview:large, max-snippet:-1, max-video-preview:-1",301,https://virtuse.com/news.html,ready,potvrdenie odberu starého Virtuse News → Virtuse Brief,
/sk/dashboard/,https://blog.virtuse.com/sk/dashboard/,sk,Dashboard,14915,2026-05-12,"200 index, follow, max-image-preview:large, max-snippet:-1, max-video-preview:-1",301,https://virtuse.com/sk/bitcoin-data.html,ready,živý Bitcoin dashboard (canonical na /dashboard/) → Bitcoin dáta SK,
/sk/etfs/,https://blog.virtuse.com/sk/etfs/,sk,ETFs,2919,2020-07-23,"200 index, follow, max-image-preview:large, max-snippet:-1, max-video-preview:-1",410,,ready,obchodovanie ETF na burze,
/sk/faq/,https://blog.virtuse.com/sk/faq/,sk,FAQ – Často kladené otázky,2879,2022-10-12,"200 index, follow, max-image-preview:large, max-snippet:-1, max-video-preview:-1",301,https://virtuse.com/sk/faq.html,ready,FAQ → nové FAQ SK,
/sk/home-2/,https://blog.virtuse.com/sk/home-2/,sk,Home,5647,2021-11-25,"200 index, follow, max-image-preview:large, max-snippet:-1, max-video-preview:-1",410,,ready,stará verzia domovskej stránky (canonical na /home-2/),
/sk/institucie/,https://blog.virtuse.com/sk/institucie/,sk,Inštitúcie,2857,2020-04-08,"200 index, follow, max-image-preview:large, max-snippet:-1, max-video-preview:-1",301,https://virtuse.com/sk/treasury.html,ready,inštitucionálne účty → Treasury SK,
/sk/invite/,https://blog.virtuse.com/sk/invite/,sk,Pozvánka,7024,2021-04-30,"200 index, follow, max-image-preview:large, max-snippet:-1, max-video-preview:-1",410,,ras,odporúčací program burzy; Ras potvrdí,"zatiaľ nechať, rozhodne Ras (2026-10-07)"
/sk/kariera/,https://blog.virtuse.com/sk/kariera/,sk,Pridaj sa k nám,2859,2021-12-17,"200 index, follow, max-image-preview:large, max-snippet:-1, max-video-preview:-1",410,,ready,"nábor 2021 (blockchain, kryptomeny)",
/sk/kava/,https://blog.virtuse.com/sk/kava/,sk,Krypto / Káva,2894,2020-03-26,"200 index, follow, max-image-preview:large, max-snippet:-1, max-video-preview:-1",410,,ready,"obchodovanie s komoditou/tokenom; v rozpore s „Iba Bitcoin, žiadne tokeny“",
/sk/komodity/,https://blog.virtuse.com/sk/komodity/,sk,Krypto / Komodity,2892,2020-04-02,"200 index, follow, max-image-preview:large, max-snippet:-1, max-video-preview:-1",410,,ready,"obchodovanie s komoditou/tokenom; v rozpore s „Iba Bitcoin, žiadne tokeny“",
/sk/krypto/,https://blog.virtuse.com/sk/krypto/,sk,Kryptomeny,2896,2020-04-02,"200 index, follow, max-image-preview:large, max-snippet:-1, max-video-preview:-1",410,,ready,prehľad kryptopárov na burze,
/sk/krypto/ethereum/,https://blog.virtuse.com/sk/krypto/ethereum/,sk,Ethereum: Všetko čo potrebujete vedieť,4661,2020-08-19,"200 index, follow, max-image-preview:large, max-snippet:-1, max-video-preview:-1",410,,ready,článok o Ethereu; v rozpore s „Iba Bitcoin“,
/sk/krypto/vas-najlepsi-sprievodca-pre-bitcoin/,https://blog.virtuse.com/sk/krypto/vas-najlepsi-sprievodca-pre-bitcoin/,sk,Ako nakúpiť Bitcoin,4467,2020-08-12,"200 index, follow, max-image-preview:large, max-snippet:-1, max-video-preview:-1",301,https://virtuse.com/sk/buy-bitcoin.html,ready,ako nakúpiť Bitcoin → Kúpiť Bitcoin SK,
/sk/login/,https://blog.virtuse.com/sk/login/,sk,Prihlásenie,5015,2020-10-16,"200 index, follow, max-image-preview:large, max-snippet:-1, max-video-preview:-1",410,,ready,"technická stránka starej aplikácie (prihlásenie, účet, výbery)","Redirection 410 je nastavené, ale WordPress pri /login na 404 presmeruje 302 na wp-login.php (noindex); akceptované"
/sk/mate-zaujem-o-konzultaciu/,https://blog.virtuse.com/sk/mate-zaujem-o-konzultaciu/,sk,Máte záujem o konzultáciu?,13204,2022-10-11,"200 index, follow, max-image-preview:large, max-snippet:-1, max-video-preview:-1",301,https://virtuse.com/sk/index.html,ready,žiadosť o konzultáciu → SK domov (tlačidlo „Rezervovať konzultáciu“),
/sk/o-nas/,https://blog.virtuse.com/sk/o-nas/,sk,O nás,2810,2026-03-10,"200 index, follow, max-image-preview:large, max-snippet:-1, max-video-preview:-1",301,https://virtuse.com/sk/about.html,ready,O nás → nové O nás SK,
/sk/obchodne-podmienky/,https://blog.virtuse.com/sk/obchodne-podmienky/,sk,Obchodné podmienky,2871,2021-11-09,"200 index, follow, max-image-preview:large, max-snippet:-1, max-video-preview:-1",301,https://virtuse.com/sk/terms-and-conditions.html,ready,obchodné podmienky → nové SK,
/sk/penazenka/,https://blog.virtuse.com/sk/penazenka/,sk,Peňaženka,2860,2020-03-29,"200 index, follow, max-image-preview:large, max-snippet:-1, max-video-preview:-1",301,https://virtuse.com/sk/secure.html,ready,peňaženka burzy → Úschova SK,
/sk/platina/,https://blog.virtuse.com/sk/platina/,sk,Krypto / Platina,2890,2020-03-31,"200 index, follow, max-image-preview:large, max-snippet:-1, max-video-preview:-1",410,,ready,"obchodovanie s komoditou/tokenom; v rozpore s „Iba Bitcoin, žiadne tokeny“",
/sk/podmienky-kotovania-tokenov-na-virtuse/,https://blog.virtuse.com/sk/podmienky-kotovania-tokenov-na-virtuse/,sk,Podmienky Kótovania Tokenov na Virtuse Exchange,2917,2020-03-29,"200 index, follow, max-image-preview:large, max-snippet:-1, max-video-preview:-1",410,,ready,token VIRTU / kótovanie tokenov; v rozpore s „žiadne tokeny“,
/sk/poplatky/,https://blog.virtuse.com/sk/poplatky/,sk,Poplatky,2878,2022-10-12,"200 index, follow, max-image-preview:large, max-snippet:-1, max-video-preview:-1",301,https://virtuse.com/sk/bitcoin-index-poplatkov/,ready,poplatky burzy → Index poplatkov SK,
/sk/pozicky/,https://blog.virtuse.com/sk/pozicky/,sk,Požiadať o pôžičku,14975,2026-06-16,"200 index, follow, max-image-preview:large, max-snippet:-1, max-video-preview:-1",301,https://virtuse.com/sk/lending.html,ready,kópia /pozicky/ (canonical na /pozicky/); Ras potvrdí,rozhodnuté 2026-10-07 (Nick)
/sk/private-section/,https://blog.virtuse.com/sk/private-section/,sk,Private section,5026,2021-06-07,"200 index, follow, max-image-preview:large, max-snippet:-1, max-video-preview:-1",410,,ready,"technická stránka starej aplikácie (prihlásenie, účet, výbery)",
/sk/product/,https://blog.virtuse.com/sk/product/,sk,Product,6658,2025-03-31,"200 index, follow, max-image-preview:large, max-snippet:-1, max-video-preview:-1",301,https://virtuse.com/sk/index.html,ready,predajná stránka Virtuse Wealth (2025) → SK domov,
/sk/produkty/,https://blog.virtuse.com/sk/produkty/,sk,Produkty,2822,2020-02-06,"200 index, follow, max-image-preview:large, max-snippet:-1, max-video-preview:-1",410,,ready,produkty burzy,
/sk/referral/,https://blog.virtuse.com/sk/referral/,sk,Welcome,6791,2021-04-13,"200 index, follow, max-image-preview:large, max-snippet:-1, max-video-preview:-1",410,,ras,odporúčací program burzy (canonical na /referral/); Ras potvrdí,"zatiaľ nechať, rozhodne Ras (2026-10-07)"
/sk/registracia/,https://blog.virtuse.com/sk/registracia/,sk,Registrácia,5021,2020-10-16,"200 index, follow, max-image-preview:large, max-snippet:-1, max-video-preview:-1",410,,ready,"technická stránka starej aplikácie (prihlásenie, účet, výbery)",
/sk/request-a-loan/,https://blog.virtuse.com/sk/request-a-loan/,sk,Request a Loan,14974,2026-06-16,"200 index, follow, max-image-preview:large, max-snippet:-1, max-video-preview:-1",301,https://virtuse.com/sk/lending.html,ready,kópia /request-a-loan/ (canonical na EN); Ras potvrdí,rozhodnuté 2026-10-07 (Nick)
/sk/ropa/,https://blog.virtuse.com/sk/ropa/,sk,Krypto / Ropa,2886,2020-03-26,"200 index, follow, max-image-preview:large, max-snippet:-1, max-video-preview:-1",410,,ready,"obchodovanie s komoditou/tokenom; v rozpore s „Iba Bitcoin, žiadne tokeny“",
/sk/slovnik-pojmov/,https://blog.virtuse.com/sk/slovnik-pojmov/,sk,Slovník pojmov,2880,2020-04-02,"200 index, follow, max-image-preview:large, max-snippet:-1, max-video-preview:-1",410,,ready,slovník pojmov burzy; Ras: nechať alebo 410,rozhodnuté 2026-10-07 (Nick)
/sk/striebro/,https://blog.virtuse.com/sk/striebro/,sk,Krypto / Striebro,2883,2020-03-31,"200 index, follow, max-image-preview:large, max-snippet:-1, max-video-preview:-1",410,,ready,"obchodovanie s komoditou/tokenom; v rozpore s „Iba Bitcoin, žiadne tokeny“",
/sk/test-popup/,https://blog.virtuse.com/sk/test-popup/,sk,Test popup,5399,2020-12-07,"200 index, follow, max-image-preview:large, max-snippet:-1, max-video-preview:-1",410,,ready,technická / dočasná stará stránka,
/sk/typy-uctov/,https://blog.virtuse.com/sk/typy-uctov/,sk,Typy účtov,2817,2020-04-08,"200 index, follow, max-image-preview:large, max-snippet:-1, max-video-preview:-1",410,,ready,typy účtov burzy,
/sk/ucet/,https://blog.virtuse.com/sk/ucet/,sk,Môj účet,5017,2020-10-16,"200 index, follow, max-image-preview:large, max-snippet:-1, max-video-preview:-1",410,,ready,"technická stránka starej aplikácie (prihlásenie, účet, výbery)",
/sk/uhlik/,https://blog.virtuse.com/sk/uhlik/,sk,Krypto / Uhlík,2898,2020-03-27,"200 index, follow, max-image-preview:large, max-snippet:-1, max-video-preview:-1",410,,ready,"obchodovanie s komoditou/tokenom; v rozpore s „Iba Bitcoin, žiadne tokeny“",
/sk/umiestnovanie-tokenov/,https://blog.virtuse.com/sk/umiestnovanie-tokenov/,sk,Umiestňovanie tokenov,2824,2020-04-08,"200 index, follow, max-image-preview:large, max-snippet:-1, max-video-preview:-1",410,,ready,token VIRTU / kótovanie tokenov; v rozpore s „žiadne tokeny“,
/sk/virtu-token/,https://blog.virtuse.com/sk/virtu-token/,sk,VIRTU Token,3707,2020-05-13,"200 index, follow, max-image-preview:large, max-snippet:-1, max-video-preview:-1",410,,ready,token VIRTU / kótovanie tokenov; v rozpore s „žiadne tokeny“,
/sk/virtuse-news/,https://blog.virtuse.com/sk/virtuse-news/,sk,Odber Virtuse News,6182,2021-11-16,"200 index, follow, max-image-preview:large, max-snippet:-1, max-video-preview:-1",301,https://virtuse.com/news.html,ready,registrácia na starý Virtuse News → Virtuse Brief,
/sk/virtuse-report/,https://blog.virtuse.com/sk/virtuse-report/,sk,Virtuse Report,7253,2021-12-17,"200 index, follow, max-image-preview:large, max-snippet:-1, max-video-preview:-1",301,https://virtuse.com/news.html,ready,registrácia na starý Virtuse Report → Virtuse Brief,
/sk/virtusex-platformy/,https://blog.virtuse.com/sk/virtusex-platformy/,sk,VEx Platformy,2865,2020-03-31,"200 index, follow, max-image-preview:large, max-snippet:-1, max-video-preview:-1",410,,ready,obchodné platformy burzy VEx,
/sk/vyvoj-krypto-burzy/,https://blog.virtuse.com/sk/vyvoj-krypto-burzy/,sk,Vývoj Krypto Burzy,2914,2020-03-24,"200 index, follow, max-image-preview:large, max-snippet:-1, max-video-preview:-1",410,,ready,služba vývoja krypto búrz,
/sk/wealth-management/,https://blog.virtuse.com/sk/wealth-management/,sk,Wealth Management,2868,2020-04-08,"200 index, follow, max-image-preview:large, max-snippet:-1, max-video-preview:-1",301,https://virtuse.com/sk/index.html,ready,Wealth Management z 2020 → SK domov,
/sk/withdrawal-confirmation/,https://blog.virtuse.com/sk/withdrawal-confirmation/,sk,Withdrawal confirmation,7289,2021-06-09,"200 index, follow, max-image-preview:large, max-snippet:-1, max-video-preview:-1",410,,ready,"technická stránka starej aplikácie (prihlásenie, účet, výbery)",
/sk/xmas-greetings/,https://blog.virtuse.com/sk/xmas-greetings/,sk,Xmas Greetings,2575,2019-12-23,"200 index, follow, max-image-preview:large, max-snippet:-1, max-video-preview:-1",410,,ready,technická / dočasná stará stránka,
/sk/zasady-ochrany-osobnych-udajov/,https://blog.virtuse.com/sk/zasady-ochrany-osobnych-udajov/,sk,Zásady ochrany osobných údajov,2835,2020-03-31,"200 index, follow, max-image-preview:large, max-snippet:-1, max-video-preview:-1",301,https://virtuse.com/sk/privacy-policy.html,ready,zásady ochrany údajov → nové SK,
/sk/zlato/,https://blog.virtuse.com/sk/zlato/,sk,Ako nakúpiť zlato,2881,2020-10-23,"200 index, follow, max-image-preview:large, max-snippet:-1, max-video-preview:-1",410,,ready,"obchodovanie s komoditou/tokenom; v rozpore s „Iba Bitcoin, žiadne tokeny“",
/sk/zostante-s-nami/,https://blog.virtuse.com/sk/zostante-s-nami/,sk,"Ďakujeme, že ste s nami",2913,2020-03-24,"200 index, follow, max-image-preview:large, max-snippet:-1, max-video-preview:-1",410,,ready,technická / dočasná stará stránka,
/stay-with-us/,https://blog.virtuse.com/stay-with-us/,en,Thanks for staying with us,2228,2019-10-01,"200 index, follow, max-image-preview:large, max-snippet:-1, max-video-preview:-1",410,,ready,technická / dočasná stará stránka,
/terms-of-service/,https://blog.virtuse.com/terms-of-service/,en,Terms and Conditions,1749,2025-10-09,"200 index, follow, max-image-preview:large, max-snippet:-1, max-video-preview:-1",301,https://virtuse.com/terms-and-conditions.html,ready,obchodné podmienky → nové,
/test-popup/,https://blog.virtuse.com/test-popup/,en,Test popup,5399,2020-12-07,"200 index, follow, max-image-preview:large, max-snippet:-1, max-video-preview:-1",410,,ready,technická / dočasná stará stránka,
/thank-you-page/,https://blog.virtuse.com/thank-you-page/,en,Thanks for subscribing to Virtuse News,2034,2021-03-08,"200 index, follow, max-image-preview:large, max-snippet:-1, max-video-preview:-1",301,https://virtuse.com/news.html,ready,potvrdenie odberu starého Virtuse News; dnešný odber ide cez Worker → Virtuse Brief,
/thank-you/,https://blog.virtuse.com/thank-you/,en,Welcome to Virtuse Wealth,4976,2021-04-28,"200 index, follow, max-image-preview:large, max-snippet:-1, max-video-preview:-1",410,,ready,potvrdenie predplatného Virtuse Wealth Premium (registrácia na platforme),
/the-virtuse-report/,https://blog.virtuse.com/the-virtuse-report/,en,The Virtuse Report,4794,2021-12-17,"200 index, follow, max-image-preview:large, max-snippet:-1, max-video-preview:-1",301,https://virtuse.com/news.html,ready,registrácia na starý Virtuse Report → Virtuse Brief,
/token-listing/,https://blog.virtuse.com/token-listing/,en,Token Listing Services,1676,2020-05-05,"200 index, follow, max-image-preview:large, max-snippet:-1, max-video-preview:-1",410,,ready,token VIRTU / kótovanie tokenov; v rozpore s „žiadne tokeny“,
/virtu-token/,https://blog.virtuse.com/virtu-token/,en,VIRTU Token,3707,2020-05-13,"200 index, follow, max-image-preview:large, max-snippet:-1, max-video-preview:-1",410,,ready,token VIRTU / kótovanie tokenov; v rozpore s „žiadne tokeny“,
/virtuse-exchange-token-listing-guidelines/,https://blog.virtuse.com/virtuse-exchange-token-listing-guidelines/,en,Virtuse Exchange Token Listing Guidelines,2642,2020-01-07,"200 index, follow, max-image-preview:large, max-snippet:-1, max-video-preview:-1",410,,ready,token VIRTU / kótovanie tokenov; v rozpore s „žiadne tokeny“,
/virtuse-news/,https://blog.virtuse.com/virtuse-news/,en,Virtuse News Subscription,6139,2021-11-16,"200 index, follow, max-image-preview:large, max-snippet:-1, max-video-preview:-1",301,https://virtuse.com/news.html,ready,registrácia na starý Virtuse News → Virtuse Brief,
/virtusex-platform/,https://blog.virtuse.com/virtusex-platform/,en,VEx Platforms,1672,2020-11-27,"200 index, follow, max-image-preview:large, max-snippet:-1, max-video-preview:-1",410,,ready,obchodné platformy burzy VEx,
/wallet/,https://blog.virtuse.com/wallet/,en,Wallet,1665,2020-01-14,"200 index, follow, max-image-preview:large, max-snippet:-1, max-video-preview:-1",301,https://virtuse.com/secure.html,ready,peňaženka burzy → Úschova,
/withdrawal-confirmation/,https://blog.virtuse.com/withdrawal-confirmation/,en,Withdrawal confirmation,7289,2021-06-09,"200 index, follow, max-image-preview:large, max-snippet:-1, max-video-preview:-1",410,,ready,"technická stránka starej aplikácie (prihlásenie, účet, výbery)",
/xmas-greetings/,https://blog.virtuse.com/xmas-greetings/,en,Xmas Greetings,2575,2019-12-23,"200 index, follow, max-image-preview:large, max-snippet:-1, max-video-preview:-1",410,,ready,technická / dočasná stará stránka,
