source,target,regex,code
/about-us/,https://virtuse.com/about.html,0,301
/account/,,0,410
/accounts/,,0,410
/affiliate-program-details/,,0,410
/affiliates/,,0,410
/an-exchange-like-no-other/,,0,410
/career/,,0,410
/coffee/,,0,410
/commodities/,,0,410
/compound-interest-calculator/,https://virtuse.com/stacking.html,0,301
/cryptocurrency-exchange-development/,,0,410
/dashboard/,https://virtuse.com/bitcoin-data.html,0,301
/digital-wealth-management/,https://virtuse.com/index.html,0,301
/e-shop/,https://virtuse.com/secure.html,0,301
/etfs/,,0,410
/faq/,https://virtuse.com/faq.html,0,301
/fees/,https://virtuse.com/bitcoin-fee-index/,0,301
/glossary/,,0,410
/gold/,,0,410
/home-2/,,0,410
/institutions/,https://virtuse.com/treasury.html,0,301
/invite/,,0,410
/login/,,0,410
/oil/,,0,410
/platinum/,,0,410
/pozicky/,https://virtuse.com/sk/lending.html,0,301
/privacy-policy/,https://virtuse.com/privacy-policy.html,0,301
/private-section/,,0,410
/products/,,0,410
/referral/,,0,410
/registration/,,0,410
/request-a-loan/,https://virtuse.com/lending.html,0,301
/silver/,,0,410
/sk/affiliate-program-details/,,0,410
/sk/affiliates/,,0,410
/sk/burza-ako-ziadna-ina/,,0,410
/sk/compound-interest-calculator/,https://virtuse.com/sk/stacking.html,0,301
/sk/dakujeme-za-priazen/,,0,410
/sk/dakujeme/,https://virtuse.com/news.html,0,301
/sk/dashboard/,https://virtuse.com/sk/bitcoin-data.html,0,301
/sk/etfs/,,0,410
/sk/faq/,https://virtuse.com/sk/faq.html,0,301
/sk/home-2/,,0,410
/sk/institucie/,https://virtuse.com/sk/treasury.html,0,301
/sk/invite/,,0,410
/sk/kariera/,,0,410
/sk/kava/,,0,410
/sk/komodity/,,0,410
/sk/krypto/,,0,410
/sk/krypto/ethereum/,,0,410
/sk/krypto/vas-najlepsi-sprievodca-pre-bitcoin/,https://virtuse.com/sk/buy-bitcoin.html,0,301
/sk/login/,,0,410
/sk/mate-zaujem-o-konzultaciu/,https://virtuse.com/sk/index.html,0,301
/sk/o-nas/,https://virtuse.com/sk/about.html,0,301
/sk/obchodne-podmienky/,https://virtuse.com/sk/terms-and-conditions.html,0,301
/sk/penazenka/,https://virtuse.com/sk/secure.html,0,301
/sk/platina/,,0,410
/sk/podmienky-kotovania-tokenov-na-virtuse/,,0,410
/sk/poplatky/,https://virtuse.com/sk/bitcoin-index-poplatkov/,0,301
/sk/pozicky/,https://virtuse.com/sk/lending.html,0,301
/sk/private-section/,,0,410
/sk/product/,https://virtuse.com/sk/index.html,0,301
/sk/produkty/,,0,410
/sk/referral/,,0,410
/sk/registracia/,,0,410
/sk/request-a-loan/,https://virtuse.com/sk/lending.html,0,301
/sk/ropa/,,0,410
/sk/slovnik-pojmov/,,0,410
/sk/striebro/,,0,410
/sk/test-popup/,,0,410
/sk/typy-uctov/,,0,410
/sk/ucet/,,0,410
/sk/uhlik/,,0,410
/sk/umiestnovanie-tokenov/,,0,410
/sk/virtu-token/,,0,410
/sk/virtuse-news/,https://virtuse.com/news.html,0,301
/sk/virtuse-report/,https://virtuse.com/news.html,0,301
/sk/virtusex-platformy/,,0,410
/sk/vyvoj-krypto-burzy/,,0,410
/sk/wealth-management/,https://virtuse.com/sk/index.html,0,301
/sk/withdrawal-confirmation/,,0,410
/sk/xmas-greetings/,,0,410
/sk/zasady-ochrany-osobnych-udajov/,https://virtuse.com/sk/privacy-policy.html,0,301
/sk/zlato/,,0,410
/sk/zostante-s-nami/,,0,410
/stay-with-us/,,0,410
/terms-of-service/,https://virtuse.com/terms-and-conditions.html,0,301
/test-popup/,,0,410
/thank-you-page/,https://virtuse.com/news.html,0,301
/thank-you/,,0,410
/the-virtuse-report/,https://virtuse.com/news.html,0,301
/token-listing/,,0,410
/virtu-token/,,0,410
/virtuse-exchange-token-listing-guidelines/,,0,410
/virtuse-news/,https://virtuse.com/news.html,0,301
/virtusex-platform/,,0,410
/wallet/,https://virtuse.com/secure.html,0,301
/withdrawal-confirmation/,,0,410
/xmas-greetings/,,0,410
