week_start,type,name,regex_or_page,indexed_pages,impressions,clicks,ctr_pct,avg_position,note
2026-10-07 baseline (last 28 days),group,homepage,search_console_groups.py → homepage,,1120,25,2.2,3.3,before the legacy 410/301 rules (live 2026-10-07)
2026-10-07 baseline (last 28 days),group,categories,search_console_groups.py → categories,,398,8,2.0,31.9,before the legacy 410/301 rules (live 2026-10-07)
2026-10-07 baseline (last 28 days),group,seo,search_console_groups.py → seo,,560,1,0.2,22.4,before the legacy 410/301 rules (live 2026-10-07)
2026-10-07 baseline (last 28 days),group,data,search_console_groups.py → data,,784,21,2.7,11.3,before the legacy 410/301 rules (live 2026-10-07)
2026-10-07 baseline (last 28 days),group,stories,search_console_groups.py → stories,,8,0,0.0,24.6,before the legacy 410/301 rules (live 2026-10-07)
2026-10-07 baseline (last 28 days),group,tools,search_console_groups.py → tools,,158,0,0.0,81.9,before the legacy 410/301 rules (live 2026-10-07)
2026-10-07 baseline (last 28 days),group,info,search_console_groups.py → info,,739,3,0.4,7.1,before the legacy 410/301 rules (live 2026-10-07)
2026-10-07 baseline (last 28 days),group,new site total,NEW_SITE (Matches),,3770,58,1.5,14.9,before the legacy 410/301 rules (live 2026-10-07)
2026-10-07 baseline (last 28 days),group,blog.virtuse.com,^https?://blog\.virtuse\.com/,,29,0,0.0,9.7,before the legacy 410/301 rules (live 2026-10-07)
2026-10-07 baseline (last 28 days),group,whole property,no filter,,27100,122,0.5,8.7,before the legacy 410/301 rules (live 2026-10-07)
2026-10-07 baseline (last 28 days),group,legacy URLs (property minus new site minus blog),derived,,23301,64,,,"≈86 % of impressions; /gold/ alone ≈20.8K (www 15,977 + apex 4,811)"
2026-10-07 baseline,indexing,Pages report (whole property),Indexing → Pages,1373 indexed / 3368 not indexed,,,,,
2026-10-12,group,homepage,search_console_groups.py → homepage,,,,,,
2026-10-12,group,categories,search_console_groups.py → categories,,,,,,
2026-10-12,group,seo,search_console_groups.py → seo,,,,,,
2026-10-12,group,data,search_console_groups.py → data,,,,,,
2026-10-12,group,stories,search_console_groups.py → stories,,,,,,
2026-10-12,group,tools,search_console_groups.py → tools,,,,,,
2026-10-12,group,info,search_console_groups.py → info,,,,,,
2026-10-12,group,new site total,NEW_SITE (Matches),,,,,,
2026-10-12,group,legacy URLs,NEW_SITE (Doesn't match),,,,,,should fall after the 410/301 rules
2026-10-12,query,200 wma,https://virtuse.com/ma-200w.html,,,,,,pos ~8 on 2026-10-02
2026-10-12,query,bitcoin retirement calculator,https://virtuse.com/retirement-calculator.html,,,,,,pos ~12 on 2026-10-02
2026-10-12,query,bitcoin renten rechner,https://virtuse.com/de/retirement-calculator.html,,,,,,11 % CTR on 2026-10-02
